id,first_name,last_name,birthdate,vaccinated
1,Tyne,Tomlin,1985-06-10,false
2,Budd,Espinoy,2007-05-25,true
3,Alene,Ardy,1993-08-19,true
4,Alwin,Goalley,1983-01-28,true
5,Christophe,Arlt,1964-05-18,false
6,Wald,Simao,1938-07-26,true
7,Wynnie,Simmon,1971-12-01,true
8,Thorin,Orehead,1936-02-17,true
9,Gardner,Zupa,1965-02-02,false
10,Teddie,Firman,1945-05-04,false
11,Ferdinanda,Mocker,1968-04-13,false
12,Jonah,Ponceford,1973-05-21,false
13,Timmi,Giovannazzi,2009-04-15,false
14,Alidia,Van der Mark,1994-02-25,true
15,Maurice,Edgeon,1935-05-18,true
16,Ignatius,Everleigh,1963-07-08,true
17,Johna,Montilla,1993-11-24,false
18,Wayland,Coppins,1962-03-15,true
19,Junie,Faunch,1948-11-30,true
20,Dorise,Angove,2006-02-02,false
21,Rena,Colton,1982-01-30,true
22,Gaylord,Gummery,1951-05-26,false
23,Hortensia,Baylis,1998-11-08,false
24,Avery,Lockyear,1937-07-20,true
25,Myrna,Raitt,1988-03-08,false
26,Tessi,McFarlan,1968-09-20,true
27,Claire,Doohan,1980-05-11,true
28,Nevins,Pye,1939-03-04,false
29,Westley,Venning,1985-08-06,true
30,Dedra,Cearley,1957-11-05,true
31,Traci,Cowcha,1947-09-21,false
32,Gardie,Edlyn,1945-08-22,true
33,Erskine,Dorrance,1983-03-15,true
34,Nettie,Vince,1949-12-22,false
35,Halsy,McBratney,1934-12-13,false
36,Elnora,Mitchenson,1954-08-17,true
37,Luz,Hindshaw,1947-06-07,true
38,Georgeanna,Berick,1988-03-01,true
39,Micheil,Brimilcome,1964-10-08,false
40,Bambi,Simms,1952-04-07,false
41,Chadd,Casol,1955-02-22,true
42,Aile,Heppner,1958-05-23,true
43,Pippa,Lilley,2003-07-03,false
44,Tyne,Maestro,1996-02-17,false
45,Prescott,Osband,1934-08-09,false
46,Delia,McClenaghan,2002-05-24,false
47,Merwin,Annies,2005-02-19,true
48,Renaud,Boulder,1948-07-12,true
49,Kyle,Lago,1934-06-06,false
50,Leilah,Hussy,1946-06-06,true
51,Licha,Leechman,1953-05-29,true
52,Panchito,Eglinton,1932-08-15,false
53,Grier,Wildgoose,2000-01-27,false
54,Maxy,Blei,1930-06-03,true
55,Nelly,Vardey,2004-01-22,true
56,Gordon,Curlis,1973-12-14,false
57,Lusa,Escoffier,2005-12-06,false
58,Dinah,Greatrex,1963-08-15,false
59,Jacenta,Gove,1978-11-21,false
60,Marvin,Persse,1985-01-03,true
61,Zolly,Hedditeh,1938-01-29,true
62,Chick,Maffetti,1932-01-03,false
63,Sander,Macklin,1993-11-16,true
64,Viole,Grinyer,1956-09-18,false
65,Hailey,Whorton,1992-11-17,false
66,Maris,Peggrem,1970-09-16,true
67,Libby,Mountney,1968-06-29,true
68,Andi,Rospars,1939-12-07,true
69,Xylia,Shermore,1970-06-08,true
70,Virgie,Liggons,1985-09-11,true
71,Truman,Aughtie,1940-05-12,true
72,Melinda,Moring,1992-10-15,true
73,Salomon,Gero,1986-04-27,true
74,Osborn,Padfield,1973-04-23,true
75,Elinore,Myton,1955-06-01,false
76,Corliss,Rishworth,1986-11-11,true
77,Jordon,Wincer,1996-02-10,true
78,Sharity,Wynrahame,1980-02-09,false
79,Min,Gorner,1939-08-13,false
80,Lilas,Noir,1939-08-23,false
81,Helenka,Impey,1974-03-08,true
82,Laurie,Hackin,1947-01-31,true
83,Fairleigh,Enoch,1996-06-22,true
84,Ailyn,Bownas,1992-12-13,false
85,Duffie,Riditch,1989-03-31,false
86,Marilin,Rackam,1996-05-18,false
87,Merralee,Barsby,1980-10-03,true
88,Hewie,Vasilechko,1940-09-19,false
89,Christalle,Turville,1994-08-30,true
90,Adoree,Gettings,1994-04-26,true
91,Sula,Strethill,1975-10-18,false
92,Shaughn,Frugier,1983-01-13,false
93,Kathlin,Stonestreet,1936-06-27,false
94,Alick,Feenan,2002-11-21,true
95,Henry,Boolsen,1993-06-27,false
96,Whitney,Clayhill,1946-10-13,false
97,Terencio,Cullinan,1952-02-27,false
98,Jaquelin,Vokins,1967-10-01,true
99,Jessamyn,Iorizzi,1993-08-03,true
100,Esra,Corner,1935-03-02,true
101,Amabelle,Coombe,2000-07-27,false
102,Leesa,Curle,2008-03-29,false
103,Eveline,Petracchi,1977-12-30,false
104,Lionel,Pomery,1958-10-08,true
105,Calley,Piscopiello,1949-02-06,false
106,Vannie,Tapp,1993-05-09,true
107,Eleonore,Goldstone,1955-06-01,true
108,Donny,Walesby,1934-02-08,false
109,Bridget,Queen,1952-01-17,false
110,Kirsti,Manwaring,2009-06-14,true
111,Hanna,Beste,1937-07-28,true
112,Forest,Linnett,2009-05-08,false
113,Israel,Edelheid,2003-10-25,true
114,Rozalin,Phlippi,1955-03-02,false
115,Farah,Jager,1959-06-20,true
116,Tabbatha,Giffen,1996-12-20,false
117,Antonino,Niemetz,1981-03-27,false
118,Joann,Ledingham,1979-06-22,false
119,Fernanda,MacNeilage,1980-03-07,false
120,Bobby,Cohn,1930-12-06,false
121,Judie,Impson,2006-11-21,true
122,Barri,Alabastar,1936-09-03,false
123,Elvis,Jukubczak,1958-08-19,false
124,Corby,Ector,1965-06-11,false
125,Linea,Dulanty,2001-03-16,true
126,Mead,Stuchberry,1985-10-30,false
127,Shannah,Marikhin,1972-03-04,true
128,Maybelle,Brettel,1954-06-29,false
129,Rollin,Sloam,1965-01-05,false
130,Dore,Fogel,1974-11-01,true
131,Fern,Hessenthaler,1964-06-21,true
132,Beverly,Adan,1942-02-05,true
133,Fulton,Youthed,1941-12-02,false
134,Franny,Claisse,2009-01-05,false
135,Datha,Pahl,2001-09-15,false
136,Brig,Linstead,1950-09-12,true
137,Adelheid,Bitcheno,1950-05-16,false
138,Portie,Smurthwaite,1932-12-12,false
139,Goldy,Baigrie,1955-05-12,true
140,Portie,Ilchenko,1978-02-18,false
141,Danica,Gauson,1956-10-12,true
142,Janith,Jerg,1993-05-22,true
143,Yorgo,Eagland,1937-01-09,true
144,Clementina,Adamowicz,2005-04-08,false
145,Anallese,Cully,1948-05-01,true
146,Jaine,Clavey,1988-12-25,false
147,Reamonn,Syme,1965-07-14,true
148,Cazzie,Krier,1970-01-27,false
149,Arron,Sutliff,1949-09-22,false
150,Reeba,Greatrakes,1992-12-27,false
151,Flin,Raitie,1965-12-01,false
152,Franz,Sextie,1997-01-11,false
153,Myrah,Dabney,1967-11-30,false
154,Augusto,Heberden,1938-02-06,false
155,Filip,Carnduff,1992-07-29,false
156,Trent,O' Reagan,1951-12-25,false
157,Lorianne,Mosby,1996-03-12,true
158,Clementius,Swayne,2008-10-26,false
159,Colet,Ilyushkin,1998-01-11,false
160,Leanor,Duckels,1963-06-17,true
161,Deni,Amberson,1937-05-13,true
162,Desiree,Lemonnier,2007-10-14,false
163,Ninetta,D'Aubney,1972-01-31,false
164,Ringo,Di Biagi,1933-10-29,true
165,Franchot,Rentilll,1965-04-25,true
166,Elsy,Bertouloume,1973-04-18,true
167,Avram,Shewon,1948-08-31,false
168,Vere,Rylands,2008-08-24,true
169,Pierre,Madrell,1974-10-19,false
170,Constantine,Briddock,1999-12-12,false
171,Lamont,Rodrigo,1952-02-29,false
172,Liva,Treend,2002-02-02,false
173,Simone,Caseborne,1940-07-07,false
174,Richardo,Yurtsev,1990-01-02,false
175,Tristan,Fitkin,1965-12-04,true
176,Aloysia,Twede,1979-03-25,true
177,Ahmad,Bogies,1965-09-14,false
178,Olly,Spenton,1931-12-19,false
179,Ogdan,McPherson,1983-03-10,false
180,Somerset,MacGillreich,1958-10-25,true
181,Brigid,Locock,2004-12-23,false
182,Freddy,Cran,1998-10-25,true
183,Boyce,Cardoo,1967-09-09,true
184,Lucias,Woodham,1946-11-02,false
185,Wesley,Roy,1978-05-10,true
186,Fulton,Menis,1997-03-14,false
187,Trey,Blount,1952-05-27,false
188,Lenna,Fevier,2003-10-07,false
189,Aurel,Coker,1940-07-11,true
190,Kelcey,Munro,1984-04-28,false
191,Ilsa,Tiltman,2002-11-15,false
192,Bartholomew,Ockwell,1944-11-22,false
193,Chlo,Cubbon,1963-08-03,false
194,Almire,Lapley,1951-03-01,false
195,Tori,Farfalameev,1994-08-08,true
196,Beverley,Wycliffe,1953-05-03,false
197,Gerick,Swine,1956-03-10,false
198,Samuel,Muckley,1943-03-24,true
199,Laryssa,Dysert,2001-05-28,true
200,Christiano,Darville,1938-07-03,false
